[
  {
    "slot": 2,
    "dsp": {
      "ldr": "/usr/local/xia/pixie/firmware/revf_general_16b250m_r35921/dsp/Pixie16DSP_revfgeneral_16b250m_r35921.ldr",
      "par": "pixie.set",
      "var": "/usr/local/xia/pixie/firmware/revf_general_16b250m_r35921/dsp/Pixie16DSP_revfgeneral_16b250m_r35921.var"
    },
    "fpga": {
      "fippi": "/usr/local/xia/pixie/firmware/revf_general_16b250m_r35921/firmware/fippixie16_revfgeneral_16b250m_r36563.bin",
      "sys": "/usr/local/xia/pixie/firmware/revf_general_16b250m_r35921/firmware/syspixie16_revfgeneral_adc250mhz_r33339.bin",
      "trig": "FPGATrig"
    }
  }
]